id,question,gold_answer,model_answer,label
financebench_id_00720,"What drove gross margin change as of the FY2022 for American Express? If gross margin is not a useful metric for a company like this, then please state that and explain why.",Performance is not measured through gross margin,The excerpts do not contain this information.,
financebench_id_00499,Is 3M a capital-intensive business based on FY2022 data?,"No, the company is managing its CAPEX and Fixed Assets pretty efficiently, which is evident from below key metrics:
CAPEX/Revenue Ratio: 5.1%
Fixed assets/Total Assets: 20%
Return on Assets= 12.4%",The excerpts do not contain this information.,
financebench_id_00799,"Has AMCOR's quick ratio improved or declined between FY2023 and FY2022? If the quick ratio is not something that a financial analyst would ask about a company like this, then state that and explain why.",The quick ratio has slightly improved from 0.67 times to 0.69 times between FY 2023 and FY 2022.(3.4% jump),"The excerpts do not contain this information.

A quick ratio is typically used to assess a company's short-term liquidity and is calculated by dividing a company's current assets (excluding inventory) by its current liabilities. This information is not provided in the given excerpts, which focus on net income, EBIT, and other financial metrics but do not include the quick ratio or similar liquidity measures.",
financebench_id_01244,Has CVS Health paid dividends to common shareholders in Q2 of FY2022?,"Yes, CVS paid a $ 0.55 dividend per share every quarter in FY2022",The excerpts do not contain this information.,
financebench_id_00206,"Are JPM's gross margins historically consistent (not fluctuating more than roughly 2% each year)? If gross margins are not a relevant metric for a company like this, then please state that and explain why.","Since JPM is a financial institution, gross margin is not a relevant metric.",The excerpts do not contain this information.,
financebench_id_00215,Is Verizon a capital intensive business based on FY 2022 data?,"Yes. Verizon's capital intensity ratio was approximately 2.774729. This means that it took approximately $2.77 of assets to generate $1 of revenue and thus, Verizon can be considered capital intensive.","Yes, Verizon is a capital intensive business. In 2022, they reported capital expenditures of $23,087 million.",
financebench_id_01079,"What are major acquisitions that AMCOR has done in FY2023, FY2022 and FY2021?","Amcor completed these acquisitions during FY2023:
-100% equity interest of a flexibles manufacturing company in the Czech Republic
- 100% equity interest in a medical device packaging manufacturing site in
Shanghai, China.
-acquisition of a New Zealand-based leading manufacturer of state-of-the-art, automated protein
packaging machines.",The excerpts do not contain this information.,
financebench_id_00222,"Does AMD have a reasonably healthy liquidity profile based on its quick ratio for FY22? If the quick ratio is not relevant to measure liquidity, please state that and explain why.","Yes. The quick ratio is 1.57, calculated as (cash and cash equivalents+Short term investments+Accounts receivable, net+receivables from related parties)/ (current liabilities).",The excerpts do not contain this information.,
financebench_id_00746,Which debt securities are registered to trade on a national securities exchange under Ulta Beauty's name as of FY2023?,There are none,The excerpts do not contain this information.,
financebench_id_01148,What industry does AMCOR primarily operate in?,Amcor is a global leader in packaging production for various use cases.,AMCOR primarily operates in the packaging industry.,
financebench_id_03029,What is the FY2018 capital expenditure amount (in USD millions) for 3M? Give a response to the question by relying on the details shown in the cash flow statement.,$1577.00,The excerpts do not contain this information.,
financebench_id_04980,What is the FY2021 capital expenditure amount (in USD billions) for PepsiCo? Respond to the question by assuming the perspective of an investment analyst who can only use the details shown within the statement of cash flows.,$4.60,The excerpts do not contain this information.,
financebench_id_03849,What is the FY2018 - FY2020 3 year average of capex as a % of revenue for MGM Resorts? Answer in units of percents and round to one decimal place. Please utilize information provided primarily within the statement of cash flows and the statement of income.,7.9%,The excerpts do not contain this information.,
financebench_id_02987,What is the FY2019 fixed asset turnover ratio for Activision Blizzard? Fixed asset turnover ratio is defined as: FY2019 revenue / (average PP&E between FY2018 and FY2019). Round your answer to two decimal places. Base your judgments on the information provided primarily in the statement of income and the statement of financial position.,24.26,The excerpts do not contain this information.,
financebench_id_03069,"Answer the following question as if you are an equity research analyst and have lost internet connection so you do not have access to financial metric providers. According to the details clearly outlined within the P&L statement and the statement of cash flows, what is the FY2015 depreciation and amortization (D&A from cash flow statement) % margin for AMD?",4.2%,The excerpts do not contain this information.,
financebench_id_04672,Assume that you are a public equities analyst. Answer the following question by primarily using information that is shown in the balance sheet: what is the year end FY2018 net PPNE for 3M? Answer in USD billions.,$8.70,The excerpts do not contain this information.,
financebench_id_04660,"Considering the data in the balance sheet, what is Block's (formerly known as Square) FY2016 working capital ratio? Define working capital ratio as total current assets divided by total current liabilities. Round your answer to two decimal places.",1.73,The working capital ratio is 1.74.,
financebench_id_03031,What is Lockheed Martin's FY2021 net working capital? Define net working capital as total current assets less total current liabilities. Answer in USD millions. Respond to the question by assuming the perspective of an investment analyst who can only use the details shown within the balance sheet.,$5818.00,"Net working capital is $5,818 million.",
financebench_id_03882,What is Amcor's year end FY2020 net AR (in USD millions)? Address the question by adopting the perspective of a financial analyst who can only use the details shown within the balance sheet.,$1616.00,"The key figure is 1,615.9 million USD.",
financebench_id_10130,"Based on the information provided primarily in the balance sheet and the statement of income, what is FY2020 days payable outstanding (DPO) for Corning? DPO is defined as: 365 * (average accounts payable between FY2019 and FY2020) / (FY2020 COGS + change in inventory between FY2019 and FY2020). Round your answer to two decimal places.",63.86,The excerpts do not contain this information.,
financebench_id_01865,"If we exclude the impact of M&A, which segment has dragged down 3M's overall growth in 2022?",The consumer segment shrunk by 0.9% organically.,The excerpts do not contain this information.,
financebench_id_01476,"As of FY2023Q1, by how many percentage points did Pepsico raise full year guidance in respect of core constant currency EPS growth?",Pepsico raised full year guidance in respect of core constant currency EPS growth by 1 percentage point.,"PepsiCo raised full year guidance in respect of core constant currency EPS growth by 1 percentage point, from 8% to 9%.",
financebench_id_00302,Did Pfizer grow its PPNE between FY20 and FY21?,"Yes, change in PPNE was positive year over year",The excerpts do not contain this information.,
financebench_id_01902,Which Best Buy product category performed the best (by top line) in the domestic (USA) Market during Q2 of FY2024?,"The entertainment segment experienced the highest growth of 9% during Q2 FY2024, primarily from gaming division.","The Computing and Mobile Phones category performed the best (by top line) in the domestic market during Q2 of FY2024, with a 41% revenue mix.",
financebench_id_00460,Was there any change in the number of Best Buy stores between Q2 of FY2024 and FY2023?,"Yes, there is decline in number stores by 1.32% from 982 stores in Q2 FY 2023 to 969 by the end of Q2 FY2024.","The number of Best Buy stores decreased from 930 at the end of Q2 FY2023 to 907 at the end of Q2 FY2024, a reduction of 23 stores.",
financebench_id_00603,What drove the increase in Ulta Beauty's merchandise inventories balance at end of FY2023?,"Increase in Merchandise inventories balance was driven by the opening of 47 new stores. The answer here assumes FY2023 refers to the 12 months ended on January 28, 2023 (although the company refers to this period as its fiscal 2022.",The excerpts do not contain this information.,
financebench_id_01930,"How much was the Real change in Sales for AMCOR in FY 2023 vs FY 2022, if we exclude the impact of FX movement, passthrough costs and one-off items?",The Real Growth was flat in FY 2023 vs FY 2022.,"The Real change in Sales for AMCOR in FY 2023 vs FY 2022, excluding the impact of FX movement, passthrough costs and one-off items, was -3%.",
financebench_id_01964,What was the largest liability in American Express's Balance Sheet in 2022?,Customer deposits,"The largest liability in American Express's Balance Sheet in 2022 was Long-Term Debt with $42,573 million.",
financebench_id_01911,What was MGM's interest coverage ratio using FY2022 Adjusted EBIT as the numerator and annual Interest Expense as the denominator?,"As adjusted EBIT is negative, coverage ratio is zero",The excerpts do not contain this information.,
financebench_id_02119,"If JPM went bankrupted by the end by 2021 Q1 and liquidated all of its assets to pay its shareholders, how much could each shareholder get?",They could receive $66.56 per share.,The excerpts do not contain this information.,
